rank,model,accuracy,f1_weighted,precision_weighted,recall_weighted,f1_classe_0,precision_classe_0,recall_classe_0,f1_classe_1,precision_classe_1,recall_classe_1,f1_classe_2,precision_classe_2,recall_classe_2,train_time_s,inference_time_per_sample_ms,ram_inference_peak_mb,cpu_inference_percent
1,XGBoost,0.9538690476190477,0.9537739282948057,0.9537156474308157,0.9538690476190477,0.9783037475345168,0.9754178957718781,0.9812067260138477,0.9352112676056338,0.9352112676056338,0.9352112676056338,0.9143835616438356,0.9238754325259516,0.9050847457627119,,0.0032,0.05,
2,LightGBM,0.9548611111111112,0.954765716033244,0.9547161112288203,0.9548611111111112,0.9797730636408486,0.9773622047244095,0.9821958456973294,0.9367088607594937,0.9353932584269663,0.9380281690140845,0.9125214408233276,0.9236111111111112,0.9016949152542373,,0.0083,0.23,
3,LogisticRegression,0.9494047619047619,0.9494464220839037,0.9496710977469618,0.9494047619047619,0.9718518518518519,0.9704142011834319,0.973293768545994,0.9338078291814946,0.943884892086331,0.923943661971831,0.9102990033222591,0.8925081433224755,0.9288135593220339,,0.0001,0.14,
4,RandomForest,0.9384920634920635,0.938421023676751,0.9384112223135026,0.9384920634920635,0.961576354679803,0.957801766437684,0.9653808110781404,0.9198012775017743,0.927038626609442,0.9126760563380282,0.9038785834738617,0.8993288590604027,0.9084745762711864,,0.0238,1.2,
5,KNN,0.9092261904761905,0.9096749824528013,0.9105181394622978,0.9092261904761905,0.9306733167082294,0.9386317907444668,0.9228486646884273,0.9074204946996467,0.9106382978723404,0.9042253521126761,0.8431372549019608,0.8138801261829653,0.8745762711864407,,0.1472,292.33,
