{
  "model_name": "KNN",
  "accuracy": 0.9092261904761905,
  "f1_weighted": 0.9096749824528013,
  "precision_weighted": 0.9105181394622978,
  "recall_weighted": 0.9092261904761905,
  "par_classe": {
    "0": {
      "precision": 0.9386317907444668,
      "recall": 0.9228486646884273,
      "f1": 0.9306733167082294
    },
    "1": {
      "precision": 0.9106382978723404,
      "recall": 0.9042253521126761,
      "f1": 0.9074204946996467
    },
    "2": {
      "precision": 0.8138801261829653,
      "recall": 0.8745762711864407,
      "f1": 0.8431372549019608
    }
  },
  "epochs": null,
  "val_accuracy_final": null
}