{
  "model_name": "LightGBM",
  "accuracy": 0.9548611111111112,
  "f1_weighted": 0.954765716033244,
  "precision_weighted": 0.9547161112288203,
  "recall_weighted": 0.9548611111111112,
  "par_classe": {
    "0": {
      "precision": 0.9773622047244095,
      "recall": 0.9821958456973294,
      "f1": 0.9797730636408486
    },
    "1": {
      "precision": 0.9353932584269663,
      "recall": 0.9380281690140845,
      "f1": 0.9367088607594937
    },
    "2": {
      "precision": 0.9236111111111112,
      "recall": 0.9016949152542373,
      "f1": 0.9125214408233276
    }
  },
  "epochs": null,
  "val_accuracy_final": null
}