{
  "model_name": "LogisticRegression",
  "accuracy": 0.9494047619047619,
  "f1_weighted": 0.9494464220839037,
  "precision_weighted": 0.9496710977469618,
  "recall_weighted": 0.9494047619047619,
  "par_classe": {
    "0": {
      "precision": 0.9704142011834319,
      "recall": 0.973293768545994,
      "f1": 0.9718518518518519
    },
    "1": {
      "precision": 0.943884892086331,
      "recall": 0.923943661971831,
      "f1": 0.9338078291814946
    },
    "2": {
      "precision": 0.8925081433224755,
      "recall": 0.9288135593220339,
      "f1": 0.9102990033222591
    }
  },
  "epochs": null,
  "val_accuracy_final": null
}