{
  "model_name": "RandomForest",
  "accuracy": 0.9384920634920635,
  "f1_weighted": 0.938421023676751,
  "precision_weighted": 0.9384112223135026,
  "recall_weighted": 0.9384920634920635,
  "par_classe": {
    "0": {
      "precision": 0.957801766437684,
      "recall": 0.9653808110781404,
      "f1": 0.961576354679803
    },
    "1": {
      "precision": 0.927038626609442,
      "recall": 0.9126760563380282,
      "f1": 0.9198012775017743
    },
    "2": {
      "precision": 0.8993288590604027,
      "recall": 0.9084745762711864,
      "f1": 0.9038785834738617
    }
  },
  "epochs": null,
  "val_accuracy_final": null
}