{
  "model_name": "XGBoost",
  "accuracy": 0.9538690476190477,
  "f1_weighted": 0.9537739282948057,
  "precision_weighted": 0.9537156474308157,
  "recall_weighted": 0.9538690476190477,
  "par_classe": {
    "0": {
      "precision": 0.9754178957718781,
      "recall": 0.9812067260138477,
      "f1": 0.9783037475345168
    },
    "1": {
      "precision": 0.9352112676056338,
      "recall": 0.9352112676056338,
      "f1": 0.9352112676056338
    },
    "2": {
      "precision": 0.9238754325259516,
      "recall": 0.9050847457627119,
      "f1": 0.9143835616438356
    }
  },
  "epochs": null,
  "val_accuracy_final": null
}